{
  "version": 1,
  "author": "Anonymous maker",
  "editor": "wokwi",
  "parts": [
    { "type": "wokwi-arduino-uno", "id": "uno", "top": 77.4, "left": -135, "attrs": {} },
    { "type": "wokwi-led", "id": "led1", "top": -90, "left": -53.8, "attrs": { "color": "red" } },
    { "type": "wokwi-led", "id": "led2", "top": -90, "left": -5.8, "attrs": { "color": "red" } },
    {
      "type": "wokwi-pushbutton",
      "id": "btn1",
      "top": 207.8,
      "left": 211.2,
      "attrs": { "color": "green" }
    },
    { "type": "wokwi-led", "id": "led3", "top": -90, "left": 51.8, "attrs": { "color": "red" } },
    { "type": "wokwi-led", "id": "led4", "top": -90, "left": 176.6, "attrs": { "color": "red" } },
    { "type": "wokwi-led", "id": "led5", "top": -90, "left": 119, "attrs": { "color": "red" } }
  ],
  "connections": [
    [ "led1:A", "uno:13", "green", [ "v38.4", "h-48", "v38.4", "h9.6" ] ],
    [ "led2:C", "uno:2", "green", [ "v48", "h-66.8", "v19.2", "h67.2", "v38.4", "h76.8" ] ],
    [ "uno:3", "led3:C", "green", [ "v0" ] ],
    [ "led3:A", "btn1:1.l", "green", [ "v28.8", "h-9.6", "v19.2", "h105.6", "v201.6" ] ],
    [ "led5:C", "uno:13", "green", [ "v76.8", "h-134", "v38.4" ] ],
    [ "led5:A", "uno:3", "green", [ "v86.4", "h-48" ] ],
    [ "led4:C", "uno:2", "green", [ "v96", "h-95.6", "v28.8" ] ],
    [ "led4:A", "btn1:1.l", "green", [ "v0" ] ],
    [ "led2:A", "uno:11", "green", [ "v48", "h28.8", "v67.2", "h9.6" ] ],
    [ "led1:C", "uno:12", "green", [ "v9.6", "h-86", "v86.4", "h96" ] ]
  ],
  "dependencies": {}
}