{
  "version": 1,
  "author": "Anonymous maker",
  "editor": "wokwi",
  "parts": [
    { "type": "wokwi-arduino-uno", "id": "uno", "top": 48.6, "left": -0.6, "attrs": {} },
    {
      "type": "wokwi-led",
      "id": "led1",
      "top": -118.8,
      "left": 99.8,
      "attrs": { "color": "red" }
    },
    {
      "type": "wokwi-led",
      "id": "led2",
      "top": -80.4,
      "left": 215,
      "attrs": { "color": "purple" }
    },
    { "type": "wokwi-led", "id": "led3", "top": -99.6, "left": 167, "attrs": { "color": "cyan" } },
    {
      "type": "wokwi-led",
      "id": "led4",
      "top": -109.2,
      "left": 138.2,
      "attrs": { "color": "limegreen" }
    }
  ],
  "connections": [
    [ "uno:GND.1", "led1:C", "black", [ "v-47.4", "h-0.3" ] ],
    [ "uno:GND.1", "led4:C", "black", [ "v0" ] ],
    [ "uno:GND.1", "led3:C", "black", [ "v0" ] ],
    [ "uno:GND.1", "led2:C", "black", [ "v-48", "h115.5" ] ],
    [ "led1:A", "uno:13", "green", [ "v0" ] ],
    [ "led4:A", "uno:12", "green", [ "v0" ] ],
    [ "led3:A", "uno:11", "green", [ "v0" ] ],
    [ "led2:A", "uno:10", "green", [ "v0" ] ]
  ],
  "dependencies": {}
}